#EEP,M/Mo,LogTeff,LogG,LogL/Lo,U,B,V,R,I,J,H,Ks,Kp,D51
3,0.183713,3.5045,5.0076,-2.2977,15.5653,14.1666,12.6136,11.5013,10.0329,8.5805,8.0513,7.8027,11.446,13.2296
4,0.269621,3.5148,4.8816,-1.9141,14.2496,12.9793,11.4919,10.4285,9.0384,7.6467,7.1143,6.8704,10.4048,12.0763
5,0.401732,3.5436,4.8484,-1.5506,12.7171,11.5787,10.1973,9.2471,8.0397,6.8085,6.2526,6.0321,9.2941,10.7522
6,0.484953,3.5508,4.8461,-1.4679,12.4632,11.2979,9.9311,8.9988,7.8222,6.6219,6.0473,5.834,9.0537,10.4908
7,0.373568,3.5353,4.9225,-1.8079,13.6847,12.4246,10.9899,9.9961,8.718,7.433,6.872,6.647,10.0129,11.5736
8,0.349301,3.5319,4.9383,-1.8733,13.9142,12.6399,11.1924,10.1858,8.8892,7.5877,7.0311,6.8033,10.1957,11.7795
9,0.345428,3.5319,4.9397,-1.8828,13.9476,12.6711,11.2212,10.2132,8.9139,7.6099,7.0532,6.8252,10.2224,11.8088
10,0.347718,3.5318,4.9361,-1.8756,13.9243,12.649,11.2007,10.1938,8.8955,7.5929,7.036,6.8084,10.2037,11.7878
11,0.353701,3.5328,4.9297,-1.8584,13.8678,12.5953,11.1504,10.1459,8.8511,7.5514,6.9932,6.7665,10.1563,11.7365
12,0.364811,3.5343,4.9184,-1.8278,13.7666,12.4993,11.0594,10.0598,8.7723,7.4784,6.9181,6.6924,10.0729,11.6445
13,0.385213,3.5369,4.9003,-1.7736,13.5817,12.3238,10.8948,9.9033,8.6304,7.3491,6.784,6.5597,9.9216,11.4762
14,0.685231,3.5869,4.6606,-0.9988,10.8964,9.7275,8.4457,7.603,6.5994,5.5458,4.8979,4.7015,7.7137,9.0098
15,0.725887,3.5968,4.6262,-0.8884,10.5111,9.3369,8.0724,7.2539,6.3038,5.3003,4.635,4.4431,7.3836,8.6433
16,0.540713,3.57,4.7649,-1.3533,12.1276,10.8784,9.5203,8.6137,7.517,6.3925,5.7704,5.5633,8.692,10.1121
17,0.550129,3.5738,4.7536,-1.3219,12.0237,10.7637,9.4053,8.5066,7.4336,6.3242,5.6968,5.492,8.5928,10.003
18,0.554945,3.5765,4.7481,-1.3043,11.963,10.6916,9.332,8.4401,7.3923,6.2886,5.6567,5.4548,8.5343,9.9334
19,0.560535,3.5785,4.7442,-1.286,11.8991,10.6164,9.2554,8.3707,7.3476,6.2514,5.6153,5.4168,8.4734,9.8621
20,0.561723,3.5799,4.7448,-1.281,11.8787,10.588,9.2249,8.3431,7.3345,6.2428,5.6048,5.409,8.4504,9.8351
21,0.563094,3.5815,4.7446,-1.2758,11.8601,10.5634,9.1991,8.3193,7.3199,6.2332,5.5942,5.3996,8.4291,9.8124
22,0.571456,3.5844,4.7375,-1.2506,11.7745,10.4687,9.1048,8.2312,7.2532,6.1795,5.5355,5.3452,8.3469,9.7236
23,0.590091,3.591,4.723,-1.1947,11.5844,10.258,8.8959,8.036,7.1067,6.0606,5.4066,5.224,8.1676,9.5255
24,0.621362,3.6025,4.6983,-1.1012,11.2605,9.9008,8.5387,7.7028,6.8604,5.8621,5.1917,5.0239,7.8614,9.1878
25,0.65748,3.6167,4.6708,-0.9915,10.8674,9.4626,8.0995,7.293,6.5699,5.6324,4.9441,4.7966,7.488,8.7771
26,0.678845,3.6256,4.655,-0.924,10.6811,9.2106,7.8678,7.0789,6.3974,5.4801,4.7746,4.6484,7.2825,8.5784
27,0.741373,3.6534,4.6318,-0.7533,9.9042,8.4507,7.1849,6.4688,5.9425,5.1312,4.4699,4.3798,6.696,7.8777
28,0.76894,3.6668,4.6219,-0.6722,9.5392,8.0873,6.8499,6.1642,5.7365,4.9718,4.3204,4.2472,6.4106,7.5388
29,0.802635,3.684,4.6076,-0.5677,9.1468,7.6353,6.4617,5.8184,5.471,4.7455,4.0982,4.0517,6.0723,7.1644
30,1.576609,4.0086,4.3274,1.4297,-2.6202,-0.9593,-0.586,-0.1285,0.353,0.819,1.1445,1.3126,-0.0456,-1.4855
31,1.023982,3.7649,4.5342,-0.0691,5.8006,5.6185,4.9284,4.5709,4.246,3.8184,3.5242,3.4834,4.7039,5.0732
32,1.040297,3.7692,4.5245,-0.0367,5.6697,5.5132,4.8455,4.4945,4.1756,3.7567,3.466,3.4298,4.6251,4.991
33,1.054089,3.7718,4.5147,-0.0098,5.578,5.4297,4.7788,4.4338,4.1194,3.705,3.4156,3.3843,4.5616,4.9263
34,1.06495,3.7741,4.5071,0.01,5.5108,5.3715,4.7312,4.3883,4.0767,3.6664,3.3798,3.349,4.5145,4.8794
35,1.080178,3.7776,4.4968,0.0406,5.3907,5.2759,4.6518,4.3152,4.0083,3.6075,3.328,3.2985,4.439,4.797
36,1.099137,3.7818,4.484,0.0782,5.2408,5.156,4.5528,4.2245,3.9237,3.5346,3.2636,3.2352,4.3452,4.6934
37,1.121415,3.7868,4.4687,0.1227,5.0679,5.0165,4.4366,4.1175,3.825,3.4477,3.1866,3.1601,4.2356,4.5701
38,1.143296,3.7919,4.4534,0.1659,4.9095,4.8848,4.3258,4.0155,3.7294,3.3637,3.1118,3.0859,4.1299,4.4543
39,1.164724,3.7959,4.4372,0.2067,4.7618,4.7599,4.2196,3.918,3.638,3.2829,3.0402,3.0149,4.0291,4.3438
40,1.193324,3.8014,4.4163,0.2616,4.5547,4.5895,4.0759,3.7851,3.5143,3.1743,2.9422,2.9191,3.8924,4.192
41,1.208028,3.8035,4.4039,0.2875,4.4795,4.517,4.013,3.7252,3.4579,3.1211,2.8922,2.8695,3.8308,4.1283
42,1.219181,3.805,4.3947,0.3061,4.4291,4.46,3.9704,3.6861,3.4227,3.0887,2.8613,2.8402,3.79,4.0843
43,1.248656,3.8101,4.3729,0.3583,4.2448,4.3018,3.8383,3.5618,3.3043,2.9824,2.7655,2.7442,3.6617,3.9455
44,1.264116,3.8125,4.3617,0.3846,4.1959,4.2647,3.7819,3.4953,3.2285,2.9088,2.6979,2.6674,3.5986,3.8936
45,1.579146,3.8738,4.1321,0.9731,2.2338,2.5459,2.2628,2.0727,1.8868,1.7098,1.6187,1.5912,2.1426,2.316
46,2.122698,3.9651,3.8003,1.8471,-0.4871,-0.0927,0.0008,0.0109,0.0097,0.0465,0.1363,0.1381,0.0062,-0.0444
47,2.025452,3.9394,3.9159,1.582,0.5382,0.6969,0.6946,0.6703,0.6486,0.6185,0.6555,0.6563,0.6762,0.6796
48,1.795465,3.9028,4.1271,1.1408,1.9841,2.0383,1.8419,1.7282,1.6312,1.5067,1.468,1.4502,1.7666,1.875
49,1.797944,3.9051,4.1458,1.13,2.0328,2.0676,1.8712,1.7627,1.6734,1.5518,1.5167,1.4987,1.7991,1.9024
50,1.843196,3.9143,4.1392,1.1815,1.9021,1.9216,1.7419,1.6495,1.5779,1.4724,1.4524,1.4344,1.679,1.7657
51,1.975214,3.935,4.0989,1.3375,1.4801,1.4778,1.3475,1.2925,1.2609,1.1938,1.21,1.1923,1.3067,1.3547
52,1.995999,3.9377,4.0928,1.3614,1.4163,1.4108,1.2877,1.2384,1.2125,1.1508,1.1722,1.1552,1.2504,1.2926
53,2.014229,3.9405,4.0872,1.3814,1.3627,1.3543,1.2367,1.1922,1.1715,1.1144,1.1402,1.1229,1.2019,1.2395
54,2.027732,3.9421,4.0828,1.3969,1.3242,1.3125,1.1992,1.1577,1.141,1.0875,1.1159,1.0986,1.1671,1.2003
55,2.039258,3.9436,4.0782,1.4081,1.2963,1.2819,1.1712,1.1317,1.1175,1.0654,1.0957,1.0787,1.1395,1.1714
56,2.048217,3.9444,4.0746,1.4163,1.2775,1.261,1.1513,1.1134,1.1004,1.0491,1.0804,1.0629,1.1201,1.1514
57,2.056108,3.9447,4.0701,1.423,1.2637,1.245,1.1351,1.0971,1.0859,1.0339,1.0649,1.0476,1.104,1.1343
58,2.065246,3.9447,4.0649,1.4311,1.2458,1.2249,1.1155,1.0782,1.0679,1.0161,1.0476,1.0304,1.0851,1.1147
59,2.076944,3.9458,4.0596,1.4417,1.2193,1.1972,1.0888,1.0536,1.0446,0.9939,1.0257,1.0087,1.0595,1.0876
60,2.088307,3.9465,4.0544,1.4527,1.1921,1.1681,1.0618,1.028,1.0209,0.9715,1.005,0.9878,1.033,1.0594
61,2.100591,3.9475,4.05,1.4643,1.1637,1.1376,1.0333,1.0016,0.9967,0.9489,0.9838,0.9669,1.006,1.0303
62,2.111813,3.9485,4.0451,1.4751,1.1371,1.1089,1.0074,0.977,0.9742,0.9278,0.9638,0.9469,0.9807,1.0028
63,2.122949,3.949,4.0399,1.4846,1.1122,1.0827,0.9823,0.9531,0.9519,0.9062,0.9431,0.9262,0.9557,0.977
64,2.133474,3.9494,4.0339,1.4948,1.0874,1.0572,0.9578,0.9297,0.9296,0.8846,0.9221,0.9054,0.9323,0.9527
65,2.14468,3.9494,4.0263,1.5049,1.0613,1.03,0.9307,0.9038,0.9045,0.8599,0.8981,0.8815,0.9057,0.9253
66,2.15684,3.9497,4.0179,1.5171,1.0324,0.999,0.9012,0.8746,0.8762,0.8311,0.8697,0.853,0.8762,0.8957
67,2.169978,3.9497,4.0077,1.5306,0.9989,0.9646,0.8672,0.8411,0.8437,0.7989,0.8372,0.8208,0.8427,0.861
68,2.186067,3.9503,3.9963,1.5473,0.9571,0.9216,0.8255,0.8006,0.8043,0.7597,0.7989,0.7825,0.8013,0.8187
69,2.200697,3.9508,3.9838,1.5639,0.9154,0.8774,0.7829,0.7592,0.7637,0.7207,0.7599,0.7442,0.7594,0.776
70,2.217121,3.9512,3.9705,1.5825,0.8687,0.8288,0.736,0.7135,0.7194,0.677,0.7175,0.701,0.7137,0.7283
71,2.233612,3.9515,3.9566,1.6016,0.8205,0.7788,0.6875,0.6665,0.6735,0.6314,0.6729,0.6568,0.6656,0.6794
72,2.250356,3.9517,3.9412,1.621,0.773,0.7287,0.6388,0.6181,0.6261,0.5836,0.6258,0.6099,0.6172,0.6304
73,2.266507,3.9518,3.9252,1.6397,0.7255,0.6798,0.5907,0.5704,0.5785,0.5367,0.579,0.5631,0.5692,0.5824
74,2.282086,3.9515,3.9095,1.6578,0.6813,0.6338,0.5451,0.5245,0.5326,0.4904,0.5323,0.5163,0.5234,0.5364
75,2.296873,3.9504,3.894,1.674,0.6396,0.5915,0.5026,0.4813,0.4891,0.446,0.4875,0.4715,0.4802,0.4939
76,2.310643,3.9498,3.8792,1.689,0.6026,0.5528,0.463,0.4415,0.4481,0.4044,0.445,0.4289,0.4407,0.4554
77,2.323543,3.9493,3.8645,1.7031,0.5671,0.5164,0.4269,0.4036,0.4097,0.3644,0.4047,0.3885,0.4036,0.4192
78,2.335983,3.9482,3.8503,1.7164,0.5334,0.4827,0.3917,0.3676,0.3719,0.3256,0.3655,0.3492,0.3682,0.3851
79,2.347249,3.9472,3.8363,1.7289,0.5025,0.4521,0.3594,0.3337,0.3363,0.2887,0.3273,0.3109,0.335,0.3536
80,2.358688,3.9461,3.8219,1.7406,0.4734,0.4229,0.3285,0.3007,0.3014,0.2518,0.2893,0.2725,0.3035,0.3239
81,2.369545,3.9451,3.8078,1.7514,0.4458,0.3957,0.2991,0.2699,0.2682,0.2171,0.2533,0.2363,0.2731,0.2952
82,2.377174,3.944,3.7975,1.7593,0.4267,0.3763,0.279,0.2481,0.2447,0.1915,0.2267,0.2099,0.2519,0.2754
83,2.384656,3.9431,3.7869,1.7668,0.4081,0.358,0.2591,0.2259,0.2206,0.1664,0.2,0.1835,0.2306,0.2564
84,2.392164,3.9418,3.7765,1.774,0.391,0.3404,0.24,0.2051,0.1981,0.1417,0.1737,0.1571,0.2108,0.2386
85,2.399554,3.9404,3.766,1.7808,0.3743,0.3243,0.2216,0.1846,0.1755,0.117,0.1478,0.131,0.1909,0.2205
86,2.406723,3.939,3.7551,1.7872,0.3579,0.3083,0.2032,0.1647,0.1528,0.0928,0.1217,0.1048,0.1721,0.2034
87,2.413683,3.9375,3.7443,1.794,0.3423,0.2931,0.1862,0.1459,0.1314,0.0683,0.0956,0.0787,0.154,0.1873
88,2.420493,3.9363,3.7327,1.7997,0.3285,0.2791,0.1697,0.127,0.1095,0.044,0.0693,0.0522,0.1359,0.1721
89,2.427281,3.9344,3.7213,1.8053,0.3151,0.2667,0.1544,0.1093,0.089,0.0212,0.0441,0.0271,0.1197,0.1585
90,2.433689,3.9324,3.7099,1.8106,0.303,0.2552,0.1402,0.0919,0.0686,-0.0029,0.0181,0.0006,0.1036,0.145
91,2.439915,3.9306,3.6983,1.8159,0.2911,0.2442,0.1259,0.0742,0.0474,-0.0266,-0.0088,-0.0267,0.0874,0.1325
92,2.446216,3.9289,3.6869,1.821,0.2784,0.2328,0.1119,0.0569,0.0265,-0.0503,-0.0357,-0.0531,0.0715,0.1196
93,2.452249,3.927,3.675,1.8261,0.267,0.2232,0.0981,0.0395,0.0056,-0.0748,-0.0633,-0.0806,0.0561,0.1079
94,2.458315,3.925,3.6632,1.8304,0.2564,0.2143,0.086,0.0238,-0.0139,-0.0988,-0.0902,-0.1077,0.0416,0.0975
95,2.464226,3.9226,3.651,1.8352,0.2457,0.2064,0.0731,0.008,-0.0345,-0.1229,-0.1174,-0.1353,0.0276,0.0867
96,2.469909,3.9206,3.6384,1.8394,0.2346,0.1975,0.0608,-0.0083,-0.0553,-0.1475,-0.1451,-0.1629,0.0127,0.0759
97,2.475395,3.9181,3.6256,1.8439,0.225,0.1909,0.0497,-0.0243,-0.0757,-0.1715,-0.1733,-0.1916,-0.0015,0.0663
98,2.48083,3.9159,3.6127,1.8485,0.2144,0.183,0.0379,-0.0396,-0.0958,-0.1953,-0.2005,-0.219,-0.0152,0.0565
99,2.486154,3.9134,3.5997,1.8528,0.2042,0.1758,0.0264,-0.0553,-0.1159,-0.22,-0.2284,-0.2471,-0.0291,0.0471
100,2.491425,3.9111,3.5866,1.857,0.1937,0.1689,0.0148,-0.0709,-0.1364,-0.2444,-0.2562,-0.2758,-0.0428,0.0374
101,2.496649,3.9088,3.5735,1.8619,0.183,0.1612,0.003,-0.0877,-0.1573,-0.2694,-0.2849,-0.3049,-0.0573,0.0272
102,2.501797,3.9062,3.5599,1.8662,0.1724,0.1538,-0.0091,-0.1034,-0.1779,-0.2942,-0.3134,-0.3336,-0.0718,0.0175
103,2.50682,3.9037,3.5465,1.8709,0.1617,0.1464,-0.0211,-0.1187,-0.1982,-0.3186,-0.3409,-0.3616,-0.0858,0.0073
104,2.511747,3.9013,3.5336,1.8756,0.1522,0.1397,-0.0319,-0.1342,-0.218,-0.3427,-0.3692,-0.39,-0.0995,-0.0023
105,2.516723,3.8994,3.5206,1.8807,0.1418,0.1313,-0.0451,-0.1507,-0.2385,-0.3673,-0.3972,-0.4182,-0.1146,-0.0135
106,2.521941,3.8977,3.5089,1.8862,0.1302,0.1205,-0.0591,-0.1676,-0.2589,-0.3911,-0.4237,-0.4452,-0.1301,-0.0263
107,2.526971,3.8966,3.5006,1.893,0.1144,0.1041,-0.0764,-0.1862,-0.2778,-0.412,-0.4453,-0.4659,-0.1482,-0.0429
108,2.531303,3.8976,3.497,1.9004,0.0956,0.0839,-0.0949,-0.2032,-0.2935,-0.4257,-0.4578,-0.4784,-0.1657,-0.0624
109,2.534286,3.8993,3.4979,1.9063,0.0761,0.0625,-0.1113,-0.2161,-0.303,-0.4316,-0.4606,-0.481,-0.1805,-0.0803
110,2.536583,3.9017,3.5025,1.9117,0.0569,0.0409,-0.1265,-0.2273,-0.3092,-0.4324,-0.4572,-0.4772,-0.1928,-0.098
111,2.538393,3.9047,3.5082,1.9174,0.0394,0.0204,-0.1407,-0.2363,-0.3125,-0.4307,-0.4508,-0.471,-0.2038,-0.1143
112,2.538642,3.905,3.5098,1.9184,0.0361,0.0164,-0.1431,-0.2379,-0.3127,-0.43,-0.4489,-0.4695,-0.2055,-0.1173
113,2.538891,3.9061,3.5119,1.9196,0.0326,0.0119,-0.1463,-0.2394,-0.3133,-0.4292,-0.447,-0.4672,-0.2079,-0.1205
114,2.53914,3.9068,3.5128,1.9207,0.0294,0.0081,-0.1489,-0.2408,-0.3133,-0.4282,-0.4446,-0.4648,-0.2102,-0.1235
115,2.539381,3.9072,3.5145,1.9218,0.026,0.0038,-0.1513,-0.2424,-0.3137,-0.4271,-0.4432,-0.463,-0.2122,-0.1265
116,2.539636,3.9079,3.516,1.9226,0.0231,-0.0002,-0.1544,-0.2439,-0.3141,-0.4261,-0.4411,-0.4608,-0.2138,-0.1296
117,2.539884,3.9084,3.518,1.9236,0.0195,-0.0041,-0.1569,-0.245,-0.3133,-0.4246,-0.438,-0.4584,-0.2157,-0.1327
118,2.540132,3.9091,3.5203,1.9249,0.0166,-0.0082,-0.1595,-0.2465,-0.3139,-0.4234,-0.4355,-0.4555,-0.2178,-0.1361
119,2.540381,3.9103,3.5219,1.9255,0.0139,-0.0125,-0.1621,-0.2479,-0.3138,-0.4222,-0.4329,-0.4528,-0.2198,-0.1395
120,2.540631,3.9108,3.5243,1.9266,0.0111,-0.0164,-0.1646,-0.2494,-0.3134,-0.4204,-0.4307,-0.4501,-0.2211,-0.1431
121,2.540878,3.9115,3.5265,1.9279,0.0083,-0.0207,-0.1671,-0.2505,-0.3128,-0.4187,-0.4271,-0.4469,-0.2232,-0.1462
122,2.541134,3.9125,3.5287,1.9288,0.0054,-0.0254,-0.1704,-0.252,-0.3126,-0.4168,-0.4238,-0.4436,-0.2253,-0.1498
123,2.541378,3.9135,3.5311,1.9298,0.0025,-0.0294,-0.1732,-0.2526,-0.312,-0.4149,-0.4213,-0.44,-0.227,-0.1531
124,2.541625,3.9139,3.5332,1.9309,0.0017,-0.0319,-0.1747,-0.2533,-0.3109,-0.4127,-0.4184,-0.4373,-0.2279,-0.155
125,2.541875,3.9151,3.5363,1.9325,-0.0037,-0.0391,-0.179,-0.2558,-0.3109,-0.4106,-0.414,-0.4332,-0.2312,-0.1606
126,2.542124,3.9162,3.5388,1.9338,-0.0057,-0.0433,-0.1818,-0.2566,-0.3103,-0.4087,-0.4105,-0.4296,-0.233,-0.1637
127,2.54236,3.9172,3.5421,1.9357,-0.0102,-0.05,-0.1861,-0.2588,-0.3101,-0.4064,-0.4068,-0.4252,-0.2362,-0.1693
128,2.542601,3.9186,3.5454,1.9373,-0.0144,-0.0567,-0.1903,-0.2608,-0.3093,-0.4038,-0.4025,-0.4209,-0.2393,-0.1748
129,2.542842,3.9192,3.5478,1.9379,-0.0157,-0.0595,-0.1925,-0.2612,-0.3082,-0.4019,-0.399,-0.4172,-0.2409,-0.1777
130,2.543084,3.9208,3.5519,1.9406,-0.0208,-0.0679,-0.1981,-0.2641,-0.3072,-0.3978,-0.3935,-0.4107,-0.244,-0.1847
131,2.543318,3.922,3.5548,1.9419,-0.0222,-0.0721,-0.2007,-0.2647,-0.3057,-0.3943,-0.3882,-0.4063,-0.2459,-0.1876
132,2.543545,3.9235,3.5596,1.9441,-0.0273,-0.0802,-0.2058,-0.2669,-0.3034,-0.3902,-0.3819,-0.3994,-0.249,-0.1941
133,2.543776,3.9249,3.5631,1.9459,-0.0296,-0.0853,-0.2094,-0.2672,-0.3015,-0.3863,-0.3757,-0.3931,-0.2516,-0.1988
134,2.544002,3.9264,3.5672,1.948,-0.0327,-0.092,-0.2131,-0.2685,-0.2988,-0.3813,-0.3688,-0.3863,-0.2532,-0.2036
135,2.544227,3.9281,3.5714,1.9498,-0.0355,-0.0979,-0.2164,-0.269,-0.2967,-0.3765,-0.3622,-0.3795,-0.2559,-0.2093
136,2.544441,3.9294,3.5749,1.9519,-0.0383,-0.1029,-0.2198,-0.2699,-0.2941,-0.372,-0.3559,-0.373,-0.2578,-0.2137
137,2.544651,3.9311,3.5788,1.9543,-0.0417,-0.1083,-0.2233,-0.2705,-0.2915,-0.3676,-0.3495,-0.3671,-0.2604,-0.2186
138,2.544858,3.9327,3.5831,1.9562,-0.0463,-0.1142,-0.2268,-0.2719,-0.2899,-0.3638,-0.3444,-0.3612,-0.2622,-0.2234
139,2.545043,3.9343,3.5873,1.9594,-0.0524,-0.1207,-0.2317,-0.2734,-0.2886,-0.3599,-0.3398,-0.3558,-0.2657,-0.2293
140,2.54523,3.9364,3.5925,1.9621,-0.0588,-0.1284,-0.236,-0.2745,-0.2857,-0.3547,-0.3323,-0.3487,-0.2684,-0.2352
141,2.5454,3.9388,3.5982,1.9652,-0.0661,-0.1369,-0.2408,-0.2753,-0.2829,-0.3492,-0.3253,-0.3411,-0.2716,-0.2417
142,2.545551,3.9408,3.6036,1.9685,-0.0746,-0.1476,-0.2458,-0.2758,-0.2783,-0.3414,-0.3155,-0.331,-0.2745,-0.2495
143,2.545683,3.9433,3.6087,1.9723,-0.084,-0.1607,-0.252,-0.2772,-0.2738,-0.3343,-0.3052,-0.3206,-0.2784,-0.2585
144,2.545801,3.9453,3.614,1.9756,-0.0941,-0.1738,-0.2588,-0.2781,-0.2695,-0.3263,-0.2954,-0.31,-0.2822,-0.268
145,2.545903,3.9476,3.6189,1.9795,-0.1058,-0.1878,-0.2656,-0.2787,-0.2642,-0.3173,-0.2847,-0.2987,-0.2858,-0.2775
146,2.545992,3.9498,3.6245,1.9836,-0.1177,-0.2009,-0.2718,-0.2799,-0.2606,-0.3104,-0.2751,-0.2888,-0.2897,-0.286
147,2.54607,3.9518,3.6291,1.9869,-0.1273,-0.2102,-0.276,-0.2801,-0.2577,-0.3046,-0.2681,-0.2813,-0.2923,-0.2921
148,2.54605,3.9528,3.6282,1.9913,-0.139,-0.2197,-0.2832,-0.2855,-0.2619,-0.3077,-0.2715,-0.2844,-0.2995,-0.3012
149,2.546062,3.9591,3.6288,2.0166,-0.2124,-0.294,-0.3413,-0.332,-0.2971,-0.3324,-0.2885,-0.3002,-0.3517,-0.3644
150,2.546147,3.972,3.6328,2.0638,-0.3545,-0.4407,-0.455,-0.4218,-0.3633,-0.3765,-0.3147,-0.3253,-0.4523,-0.4893
151,2.546443,3.982,3.6522,2.084,-0.4248,-0.514,-0.5023,-0.4512,-0.3751,-0.3704,-0.2937,-0.3034,-0.4899,-0.5453
152,2.546511,3.983,3.6583,2.0817,-0.4239,-0.5132,-0.5002,-0.4476,-0.3689,-0.3615,-0.2815,-0.291,-0.4868,-0.544
153,2.546548,3.9831,3.6645,2.0769,-0.4142,-0.5033,-0.4911,-0.4389,-0.3596,-0.3508,-0.2689,-0.2788,-0.4768,-0.5346
154,2.546569,3.9833,3.6693,2.0723,-0.405,-0.4945,-0.4828,-0.4311,-0.3512,-0.3416,-0.2574,-0.2678,-0.468,-0.526
155,2.546575,3.9838,3.6767,2.0685,-0.402,-0.4921,-0.4782,-0.4252,-0.3435,-0.3297,-0.2424,-0.2524,-0.4621,-0.5223
156,2.546537,3.9886,3.7023,2.0623,-0.403,-0.4952,-0.4684,-0.4069,-0.3151,-0.2908,-0.1921,-0.2021,-0.4468,-0.5163
157,2.54647,3.9948,3.7485,2.0397,-0.3682,-0.4607,-0.4172,-0.3447,-0.2418,-0.2032,-0.0922,-0.1012,-0.3884,-0.4696
158,2.546388,4,3.8013,2.009,-0.3161,-0.4061,-0.3468,-0.265,-0.1524,-0.1005,0.0236,0.0147,-0.3114,-0.4036
159,2.546316,4.0021,3.8518,1.9651,-0.2275,-0.3101,-0.2448,-0.1618,-0.0476,0.0107,0.1407,0.1316,-0.2077,-0.3027
160,2.546285,3.9969,3.871,1.9256,-0.1342,-0.204,-0.1529,-0.0825,0.0187,0.0699,0.194,0.1845,-0.1214,-0.2044
161,2.546278,3.9885,3.8457,1.9175,-0.1158,-0.174,-0.1414,-0.0883,-0.0056,0.0324,0.1463,0.1354,-0.1191,-0.1845
162,2.545774,4.002,3.8805,1.9367,-0.2468,-0.2915,-0.2078,-0.1288,-0.0211,0.0512,0.196,0.187,-0.1683,-0.2631
163,2.545257,4.0081,3.8829,1.9596,-0.379,-0.4052,-0.2848,-0.1922,-0.0724,0.0214,0.1851,0.177,-0.2357,-0.3473
164,2.544707,4.008,3.8528,1.9873,-0.5066,-0.5078,-0.369,-0.276,-0.1585,-0.0592,0.1102,0.1031,-0.3177,-0.4316
165,2.544252,4,3.7958,2.012,-0.6029,-0.573,-0.4422,-0.3639,-0.264,-0.1753,-0.0164,-0.0227,-0.3984,-0.498
166,2.543894,3.9883,3.7296,2.0323,-0.6697,-0.6111,-0.4983,-0.4397,-0.364,-0.2934,-0.152,-0.1583,-0.4656,-0.546
167,2.543628,3.9756,3.6644,2.0476,-0.7244,-0.6372,-0.5378,-0.4994,-0.4471,-0.3975,-0.275,-0.2815,-0.5171,-0.5776
168,2.543417,3.964,3.6042,2.0594,-0.7689,-0.6393,-0.5652,-0.5504,-0.5232,-0.4956,-0.3968,-0.4023,-0.5583,-0.5947
169,2.543258,3.9528,3.5482,2.0705,-0.8041,-0.6345,-0.5884,-0.597,-0.5943,-0.5875,-0.5118,-0.5164,-0.5948,-0.6072
170,2.543139,3.9419,3.4942,2.0807,-0.8305,-0.6374,-0.6112,-0.6395,-0.6579,-0.6718,-0.6157,-0.621,-0.6298,-0.6234
171,2.543067,3.9315,3.4435,2.0917,-0.852,-0.6416,-0.637,-0.6814,-0.7183,-0.7526,-0.7138,-0.7202,-0.665,-0.6418
172,2.543053,3.9228,3.3962,2.1034,-0.8696,-0.644,-0.6651,-0.7246,-0.7788,-0.8318,-0.8085,-0.8162,-0.7018,-0.6642
173,2.54309,3.9142,3.3492,2.116,-0.8878,-0.6487,-0.6948,-0.7688,-0.8384,-0.9088,-0.9009,-0.9094,-0.74,-0.6891
174,2.543181,3.906,3.3041,2.1285,-0.9213,-0.667,-0.7221,-0.8081,-0.8915,-0.9775,-0.9833,-0.9926,-0.7749,-0.7122
175,2.543328,3.8988,3.2614,2.1418,-0.9501,-0.6827,-0.7508,-0.8487,-0.9452,-1.0463,-1.0647,-1.0747,-0.8112,-0.7365
176,2.543518,3.8922,3.2226,2.1546,-0.9615,-0.6848,-0.7849,-0.8947,-1.0031,-1.1183,-1.1484,-1.1594,-0.8518,-0.7654
177,2.543751,3.8867,3.1873,2.1677,-0.9716,-0.6967,-0.8203,-0.9375,-1.0549,-1.182,-1.2204,-1.2336,-0.8904,-0.7974
178,2.544014,3.8813,3.1541,2.18,-0.9837,-0.7185,-0.8534,-0.9757,-1.1003,-1.2394,-1.2826,-1.2979,-0.9269,-0.83
179,2.544295,3.8761,3.1223,2.1916,-0.9945,-0.7331,-0.8833,-1.0122,-1.1442,-1.2943,-1.3444,-1.3611,-0.9601,-0.8586
180,2.544587,3.8714,3.0918,2.2023,-0.9996,-0.7369,-0.909,-1.0467,-1.1879,-1.3493,-1.4079,-1.4249,-0.9911,-0.8809
181,2.544875,3.8667,3.0632,2.2119,-1.0055,-0.7397,-0.9319,-1.0779,-1.2274,-1.3989,-1.4666,-1.4839,-1.0182,-0.9001
182,2.545165,3.8621,3.0308,2.2267,-1.0371,-0.7625,-0.9666,-1.1198,-1.2784,-1.4588,-1.534,-1.5518,-1.0576,-0.9324
183,2.545457,3.8579,3.0017,2.2391,-1.065,-0.783,-0.997,-1.1575,-1.323,-1.5119,-1.5943,-1.6119,-1.0925,-0.9619
184,2.545741,3.854,2.9747,2.2499,-1.0812,-0.7963,-1.0249,-1.1915,-1.3645,-1.5614,-1.6497,-1.6678,-1.1237,-0.9882
185,2.545997,3.8507,2.9525,2.2587,-1.0976,-0.8067,-1.0482,-1.2207,-1.3997,-1.6022,-1.6959,-1.7147,-1.1502,-1.0113
186,2.546198,3.8481,2.9355,2.264,-1.1133,-0.8132,-1.0649,-1.2414,-1.4256,-1.633,-1.7311,-1.7493,-1.1686,-1.0272
187,2.546329,3.8454,2.9292,2.2632,-1.1259,-0.8095,-1.0673,-1.2464,-1.4337,-1.6436,-1.7449,-1.7618,-1.1718,-1.0309
188,2.546386,3.8443,2.9377,2.2491,-1.1152,-0.7782,-1.0392,-1.22,-1.4094,-1.6193,-1.7223,-1.738,-1.1438,-1.0048
189,2.546393,3.8436,2.9636,2.219,-1.0618,-0.7061,-0.9706,-1.1519,-1.3441,-1.553,-1.6579,-1.6718,-1.0747,-0.9381
190,2.546381,3.8418,3.0014,2.1746,-0.9654,-0.5949,-0.8649,-1.0491,-1.2441,-1.4534,-1.5604,-1.5735,-0.97,-0.8337
191,2.54635,3.8401,3.049,2.1194,-0.8396,-0.4543,-0.7321,-0.92,-1.1179,-1.3287,-1.4392,-1.4506,-0.8387,-0.702
192,2.546285,3.8381,3.105,2.0563,-0.6904,-0.2909,-0.5785,-0.7694,-0.9712,-1.183,-1.2978,-1.3078,-0.6861,-0.5481
193,2.546154,3.8361,3.1706,1.9825,-0.515,-0.1024,-0.4003,-0.5942,-0.799,-1.0118,-1.1311,-1.1394,-0.5086,-0.3702
194,2.546004,3.834,3.2477,1.8972,-0.3061,0.1142,-0.1929,-0.3905,-0.5977,-0.8128,-0.9355,-0.9423,-0.3026,-0.1629
195,2.545885,3.8302,3.3268,1.8025,-0.034,0.3742,0.0469,-0.158,-0.3714,-0.5951,-0.7267,-0.7337,-0.0671,0.0812
196,2.545848,3.8246,3.4099,1.6987,0.2862,0.6672,0.3136,0.0975,-0.1236,-0.3604,-0.5042,-0.512,0.1927,0.354
197,2.545876,3.8175,3.4877,1.5914,0.6542,0.9878,0.5968,0.3651,0.1314,-0.1254,-0.2869,-0.2962,0.4651,0.6478
198,2.546017,3.8087,3.5545,1.4885,1.0448,1.3124,0.8753,0.6237,0.3756,0.0925,-0.091,-0.1035,0.7305,0.9407
199,2.546265,3.7981,3.5995,1.4008,1.4308,1.6142,1.1236,0.8483,0.5827,0.2674,0.0574,0.0413,0.9615,1.2058
200,2.546625,3.7861,3.6147,1.3374,1.7856,1.8662,1.3161,1.0151,0.7295,0.3765,0.1371,0.1157,1.1359,1.4182
201,2.546964,3.7754,3.6086,1.3014,2.0569,2.0381,1.4375,1.1139,0.8115,0.4239,0.1596,0.1325,1.2406,1.5567
202,2.547221,3.767,3.5915,1.2853,2.2409,2.1414,1.5024,1.1616,0.8459,0.4314,0.1479,0.1166,1.293,1.6352
203,2.547414,3.7609,3.5723,1.2788,2.3757,2.2097,1.5391,1.1844,0.858,0.4218,0.1233,0.0882,1.3191,1.6828
204,2.547587,3.7555,3.5509,1.2788,2.4791,2.2556,1.5575,1.1906,0.8553,0.4005,0.0889,0.0506,1.3287,1.7102
205,2.547734,3.7506,3.528,1.2838,2.5555,2.2825,1.5607,1.1839,0.8407,0.3696,0.0476,0.006,1.3248,1.7221
206,2.547864,3.7475,3.506,1.2908,2.6095,2.2955,1.5546,1.17,0.8203,0.337,0.0063,-0.038,1.3129,1.7225
207,2.547967,3.7442,3.4854,1.3,2.647,2.2987,1.5417,1.151,0.7963,0.3026,-0.0346,-0.0813,1.2949,1.7149
208,2.548057,3.7416,3.4664,1.3092,2.6739,2.2959,1.5265,1.13,0.7713,0.2685,-0.0722,-0.1222,1.276,1.7031
209,2.54814,3.74,3.4483,1.32,2.689,2.2863,1.5061,1.1057,0.7439,0.2339,-0.111,-0.1623,1.2526,1.6861
210,2.548211,3.7382,3.4308,1.3311,2.6945,2.2721,1.4829,1.0794,0.7148,0.1991,-0.1488,-0.202,1.2274,1.6659
211,2.548277,3.7366,3.4147,1.3412,2.6913,2.2568,1.4606,1.0537,0.6871,0.1667,-0.1841,-0.2381,1.2029,1.6445
212,2.548336,3.7355,3.3989,1.3521,2.6837,2.2393,1.4373,1.0283,0.6593,0.1349,-0.2191,-0.2735,1.1777,1.6231
213,2.548369,3.734,3.3822,1.364,2.6701,2.218,1.4102,0.9983,0.6277,0.1,-0.2575,-0.312,1.1489,1.5976
214,2.548432,3.7328,3.3662,1.3754,2.6538,2.1988,1.3855,0.9716,0.5996,0.0679,-0.2932,-0.3476,1.123,1.5748
215,2.548484,3.7321,3.3507,1.3861,2.6353,2.179,1.362,0.9452,0.571,0.0366,-0.3287,-0.3815,1.0971,1.5518
216,2.548537,3.7309,3.3351,1.3971,2.6142,2.1584,1.3366,0.9181,0.5422,0.0043,-0.366,-0.4171,1.0706,1.5275
217,2.548557,3.7308,3.3313,1.4005,2.6094,2.1526,1.3303,0.9112,0.5347,-0.0039,-0.3745,-0.4261,1.0637,1.5211
218,2.54858,3.7307,3.3268,1.4033,2.6044,2.1472,1.3233,0.9032,0.5271,-0.0122,-0.3835,-0.4351,1.0568,1.515
219,2.548596,3.7302,3.3234,1.4063,2.5997,2.141,1.3172,0.8966,0.5196,-0.0198,-0.3925,-0.4441,1.0498,1.5088
220,2.548623,3.7298,3.3189,1.4093,2.5983,2.1371,1.3111,0.8902,0.513,-0.0281,-0.4016,-0.4527,1.0435,1.5038
221,2.548643,3.73,3.3158,1.4119,2.5907,2.13,1.3037,0.8824,0.505,-0.0363,-0.4106,-0.4613,1.0354,1.4964
222,2.548663,3.7295,3.3117,1.415,2.5868,2.1246,1.2975,0.8759,0.4979,-0.0445,-0.419,-0.4699,1.0293,1.4906
223,2.548687,3.7294,3.3082,1.418,2.5822,2.1192,1.2915,0.8694,0.4907,-0.0521,-0.4276,-0.4785,1.0225,1.485
224,2.548707,3.7293,3.3044,1.4206,2.578,2.1145,1.2852,0.8624,0.4833,-0.06,-0.4365,-0.4868,1.0159,1.4785
225,2.548726,3.7286,3.301,1.4236,2.5737,2.1091,1.2788,0.8562,0.4765,-0.0675,-0.4451,-0.4951,1.0091,1.4725
226,2.548747,3.7285,3.2968,1.4263,2.5699,2.1034,1.2726,0.8494,0.4691,-0.0758,-0.4539,-0.5041,1.0027,1.4668
227,2.548937,3.7263,3.2635,1.4519,2.5303,2.0557,1.2164,0.7887,0.4051,-0.1458,-0.5311,-0.5809,0.9431,1.4135
228,2.549105,3.7247,3.231,1.4767,2.4953,2.0104,1.163,0.7304,0.3433,-0.2141,-0.6061,-0.6549,0.8859,1.3625
229,2.549321,3.7222,3.1929,1.5062,2.4513,1.9544,1.0974,0.6604,0.2695,-0.2954,-0.6952,-0.7436,0.8167,1.3006
230,2.549365,3.7214,3.1744,1.5196,2.4323,1.9306,1.0686,0.6288,0.2354,-0.3336,-0.7366,-0.785,0.7856,1.2725
231,2.549551,3.7194,3.1384,1.5477,2.4003,1.8799,1.0075,0.5637,0.1657,-0.4105,-0.8198,-0.8688,0.7213,1.215
232,2.549563,3.7187,3.1257,1.5568,2.3857,1.8616,0.9861,0.5406,0.1417,-0.4372,-0.8486,-0.8977,0.6986,1.1933
233,2.549702,3.7167,3.0962,1.5803,2.3585,1.8183,0.9338,0.4853,0.083,-0.5012,-0.918,-0.9678,0.644,1.1437
234,2.54998,3.7145,3.0491,1.6171,2.3158,1.7492,0.852,0.3976,-0.0088,-0.6029,-1.0261,-1.077,0.5578,1.0662
235,2.550106,3.7133,3.0257,1.6368,2.2869,1.71,0.8071,0.3508,-0.058,-0.6552,-1.0809,-1.1335,0.5114,1.0224
236,2.550382,3.7111,2.9808,1.6715,2.2527,1.6469,0.7312,0.269,-0.144,-0.7517,-1.1833,-1.2374,0.4308,0.9506
237,2.550403,3.7104,2.9693,1.681,2.2387,1.6273,0.7085,0.2455,-0.1683,-0.7777,-1.2108,-1.2651,0.4077,0.9285
238,2.550637,3.7084,2.93,1.7125,2.2039,1.5695,0.6398,0.172,-0.2459,-0.8628,-1.3015,-1.3575,0.3352,0.8631
239,2.550919,3.7063,2.8872,1.7467,2.1627,1.5037,0.5625,0.0898,-0.3322,-0.9568,-1.4011,-1.4591,0.2541,0.7894
240,2.551089,3.7049,2.8581,1.7703,2.1362,1.4602,0.5101,0.0339,-0.3909,-1.021,-1.4694,-1.5281,0.1993,0.7399
241,2.551211,3.7037,2.8329,1.7907,2.1104,1.4212,0.4644,-0.015,-0.4419,-1.0764,-1.5278,-1.5881,0.1505,0.6949
242,2.551425,3.7021,2.7992,1.8179,2.0801,1.3704,0.4038,-0.0791,-0.5091,-1.15,-1.6058,-1.6671,0.0878,0.638
243,2.551594,3.7007,2.7718,1.8401,2.0537,1.3281,0.3543,-0.1321,-0.565,-1.211,-1.6698,-1.7327,0.0355,0.5903
244,2.55194,3.6981,2.7189,1.8823,2.0095,1.25,0.2614,-0.2311,-0.6693,-1.3258,-1.7918,-1.8572,-0.063,0.5027
245,2.55209,3.6966,2.692,1.9038,1.9875,1.2109,0.2149,-0.2814,-0.7218,-1.3834,-1.8529,-1.9188,-0.112,0.458
246,2.55226,3.6952,2.6628,1.9273,1.9637,1.1675,0.1635,-0.3363,-0.7799,-1.4476,-1.9205,-1.9881,-0.1665,0.4094
247,2.552425,3.6934,2.6358,1.9488,1.9422,1.1278,0.116,-0.3866,-0.8332,-1.5061,-1.9817,-2.0511,-0.2163,0.3644
248,2.552656,3.6913,2.5986,1.9776,1.9177,1.0766,0.0545,-0.4525,-0.9041,-1.5843,-2.065,-2.1357,-0.2822,0.3067
249,2.552966,3.689,2.5511,2.0146,1.8866,1.0106,-0.0246,-0.5389,-0.9951,-1.6859,-2.1733,-2.2459,-0.3668,0.2333
250,2.553148,3.6873,2.5222,2.0372,1.8688,0.9712,-0.0727,-0.5902,-1.0503,-1.7481,-2.2381,-2.3127,-0.4177,0.1886
251,2.553362,3.6851,2.4849,2.0665,1.8431,0.9193,-0.1352,-0.658,-1.122,-1.8276,-2.3233,-2.3996,-0.4848,0.1296
252,2.553574,3.683,2.4492,2.0941,1.8232,0.872,-0.1926,-0.7206,-1.1887,-1.9028,-2.4031,-2.481,-0.5464,0.0767
253,2.55378,3.6812,2.4126,2.1225,1.8023,0.8232,-0.2521,-0.7855,-1.2586,-1.9808,-2.4863,-2.5665,-0.6109,0.0214
254,2.553971,3.6791,2.3767,2.1506,1.7813,0.7751,-0.3113,-0.8496,-1.3271,-2.0564,-2.5677,-2.6496,-0.6742,-0.0323
255,2.554213,3.6766,2.3338,2.1839,1.7597,0.7195,-0.38,-0.9254,-1.4078,-2.1473,-2.6647,-2.7487,-0.7487,-0.0951
256,2.554368,3.6752,2.3036,2.2074,1.7448,0.6801,-0.4284,-0.9788,-1.4648,-2.2112,-2.7341,-2.8197,-0.8014,-0.1392
257,2.554655,3.6727,2.2548,2.2449,1.7221,0.6183,-0.5053,-1.0636,-1.5563,-2.314,-2.8444,-2.9325,-0.8849,-0.209
258,2.554856,3.6702,2.218,2.2732,1.7083,0.5739,-0.5617,-1.1263,-1.6241,-2.3905,-2.9276,-3.0171,-0.9469,-0.2593
259,2.555016,3.6685,2.1855,2.2986,1.6962,0.5332,-0.613,-1.183,-1.6852,-2.4604,-3.0022,-3.0944,-1.003,-0.3048
260,2.555188,3.6661,2.1508,2.325,1.6861,0.4933,-0.6652,-1.2416,-1.7487,-2.5328,-3.0812,-3.1752,-1.0607,-0.3511
261,2.555411,3.6636,2.1088,2.3567,1.6758,0.4456,-0.7267,-1.311,-1.8244,-2.6184,-3.1746,-3.2715,-1.129,-0.4038
262,2.555522,3.6624,2.0837,2.375,1.6727,0.4201,-0.7621,-1.3511,-1.8688,-2.6697,-3.2301,-3.3287,-1.1686,-0.434
263,2.555755,3.6596,2.0394,2.4092,1.6593,0.3679,-0.8283,-1.4258,-1.9503,-2.7629,-3.331,-3.4325,-1.2427,-0.4919
264,2.555898,3.6576,2.0078,2.4334,1.6492,0.3313,-0.8754,-1.4786,-2.0079,-2.8274,-3.4015,-3.5048,-1.2952,-0.5326
265,2.556007,3.6562,1.9801,2.4546,1.6396,0.2979,-0.9176,-1.5258,-2.059,-2.8855,-3.4637,-3.5689,-1.3415,-0.5698
266,2.556163,3.6544,1.9434,2.483,1.6252,0.2532,-0.974,-1.5888,-2.127,-2.9624,-3.547,-3.6538,-1.4033,-0.6194
267,2.556321,3.6518,1.9055,2.5122,1.617,0.2115,-1.0288,-1.651,-2.1956,-3.0407,-3.6321,-3.7425,-1.4657,-0.6662
268,2.556504,3.6489,1.8608,2.5451,1.6154,0.1678,-1.0884,-1.7204,-2.274,-3.1313,-3.7312,-3.8446,-1.5343,-0.7147
269,2.556689,3.6458,1.8125,2.58,1.6214,0.1259,-1.1484,-1.7914,-2.3554,-3.2269,-3.8372,-3.9546,-1.6048,-0.7622
270,2.556868,3.6417,1.7605,2.6162,1.6344,0.0859,-1.2089,-1.8646,-2.4405,-3.3279,-3.95,-4.0717,-1.677,-0.808
271,2.55687,3.6387,1.7269,2.6388,1.6544,0.0671,-1.2416,-1.907,-2.4905,-3.3908,-4.0213,-4.146,-1.7188,-0.8299
272,2.557063,3.6347,1.6591,2.6889,1.6551,0.004,-1.33,-2.0102,-2.6081,-3.5277,-4.1712,-4.3021,-1.8214,-0.9011
